reference_id,category,file_name,bytes,sha256,source_page,drive_file_id,drive_parent_folder_id,authority,learning_scope
coco-2017,animation,coco-2017.pdf,271439,6e73cf149ed84943a56cacde5530849de9622282c509a1c5fe68dce36f8af019,https://www.scriptslug.com/script/coco-2017,16XlpvoAaGqdQWB_iMc29VYTzn3LVn2_G,1WdwHdC9X-HxWPIJMoEV8jEvPHxBHfHtm,none,reference_only
elemental-2023,animation,elemental-2023.pdf,296180,68b0201b6d284763a683f39b8c795b33868826d981eb79cbd3468827867a517a,https://www.scriptslug.com/script/elemental-2023,1vtk2OTBJPlnYIT8q5Q7w4mqCsludrP27,1WdwHdC9X-HxWPIJMoEV8jEvPHxBHfHtm,none,reference_only
encanto-2021,animation,encanto-2021.pdf,301618,2366d7ca8042401d06898dde4ced44729ed61ec7c58d2678c7e19a07108bae1b,https://www.scriptslug.com/script/encanto-2021,16IZZg2Gt4HvdDWkiePia2j4ykwGzoDEa,1WdwHdC9X-HxWPIJMoEV8jEvPHxBHfHtm,none,reference_only
how-to-train-your-dragon-the-hidden-world-2019,animation,how-to-train-your-dragon-the-hidden-world-2019.pdf,927194,38edc027bf21a24b1d5ba8f7975d9b2fc4e45b2ed58da41aa679a8937c4cb02c,https://www.scriptslug.com/script/how-to-train-your-dragon-the-hidden-world-2019,1T9XzK8bdwZUmRMboANwVbUIhIGiXaI8s,1WdwHdC9X-HxWPIJMoEV8jEvPHxBHfHtm,none,reference_only
inside-out-2015,animation,inside-out-2015.pdf,168448,82df280531b694b1cee9129367017b70a2e8945085af5eca7123f619ce4247d9,https://www.scriptslug.com/script/inside-out-2015,1xC8a8Skk9ro2GV0rN3UblMykvJ8a2AtR,1WdwHdC9X-HxWPIJMoEV8jEvPHxBHfHtm,none,reference_only
isle-of-dogs-2018,animation,isle-of-dogs-2018.pdf,5304424,2b4dafa8e5a0d6a7918a041dea47e381b216ef7d2bfb85601ac65bee422e3211,https://www.scriptslug.com/script/isle-of-dogs-2018,1QWa-ZKbTJZT0xymRJdkVgP-uawYR1LMe,1WdwHdC9X-HxWPIJMoEV8jEvPHxBHfHtm,none,reference_only
kubo-and-the-two-strings-2016,animation,kubo-and-the-two-strings-2016.pdf,206297,fa29817e16fb0de81e7b962212734e27f7ec38f809795dce257f647a8881ed07,https://www.scriptslug.com/script/kubo-and-the-two-strings-2016,1qzZhA8rZbbY2vGnjwVdzGnm0w11iHaIg,1WdwHdC9X-HxWPIJMoEV8jEvPHxBHfHtm,none,reference_only
luca-2021,animation,luca-2021.pdf,320065,ec84c7c0a1e1de751bc623e87d38b8a4bb49c46357ac05af65a19e0c1d602eee,https://www.scriptslug.com/script/luca-2021,1M3gVkwACRGVO9OgjHPCzlVzv39DqVPQ6,1WdwHdC9X-HxWPIJMoEV8jEvPHxBHfHtm,none,reference_only
over-the-moon-2020,animation,over-the-moon-2020.pdf,254332,a450866978bef4af42fa206d6a105dcfe645048ca6a7e5d7faf1aa57de16d825,https://www.scriptslug.com/script/over-the-moon-2020,1U_z7Jv71HYNv3d26NSFB1qcoJB1yMwXW,1WdwHdC9X-HxWPIJMoEV8jEvPHxBHfHtm,none,reference_only
ratatouille-2007,animation,ratatouille-2007.pdf,250643,a5d25caca60070b9e06a48b502316dcdaae8104fe3c11208ff4c5af122d3b19d,https://www.scriptslug.com/script/ratatouille-2007,1yhtAvtqY7q7-Cw_CvB2rCDdpOaD_PcNV,1WdwHdC9X-HxWPIJMoEV8jEvPHxBHfHtm,none,reference_only
raya-and-the-last-dragon-2021,animation,raya-and-the-last-dragon-2021.pdf,264708,afacd0a348b8a4af2ccba7af7e6750e8754715c382bfbac19134c548e06460ba,https://www.scriptslug.com/script/raya-and-the-last-dragon-2021,14XQppyhaf3krQ-LcREWeRTblLjiN9pZo,1WdwHdC9X-HxWPIJMoEV8jEvPHxBHfHtm,none,reference_only
sing-2016,animation,sing-2016.pdf,296317,33817e92b2a1905560420ce66424cf653155e7c87784fdc0eecc2e16d67b51ff,https://www.scriptslug.com/script/sing-2016,1vDw8Awss5jQFnx_v8x1xQt8SsvaBbVuN,1WdwHdC9X-HxWPIJMoEV8jEvPHxBHfHtm,none,reference_only
soul-2020,animation,soul-2020.pdf,313081,c25e38a0dedfe6767923cc7bc4feebe43325f6bb362d4326ed435ec265a03878,https://www.scriptslug.com/script/soul-2020,1qoFq5N0yKOIdjRhlw_9Dn_UwJSF3Dgt8,1WdwHdC9X-HxWPIJMoEV8jEvPHxBHfHtm,none,reference_only
spider-man-across-the-spider-verse-2023,animation,spider-man-across-the-spider-verse-2023.pdf,416504,9c5205efb9d02cd4d36466aca2ebd31689d5530a0f0861293800b74e3a72f075,https://www.scriptslug.com/script/spider-man-across-the-spider-verse-2023,1CFvUz79KpE-6d8Fpj57n30t9s1-31df9,1WdwHdC9X-HxWPIJMoEV8jEvPHxBHfHtm,none,reference_only
spider-man-into-the-spider-verse-2018,animation,spider-man-into-the-spider-verse-2018.pdf,361288,1e1fdea0397ef56158c78618b5d7ceb94e505c60490d2bdb8ef4c60ad406dac1,https://www.scriptslug.com/script/spider-man-into-the-spider-verse-2018,1DlExDcWK1y5YRe8vn3TvazhodMLuGFSw,1WdwHdC9X-HxWPIJMoEV8jEvPHxBHfHtm,none,reference_only
teenage-mutant-ninja-turtles-mutant-mayhem-2023,animation,teenage-mutant-ninja-turtles-mutant-mayhem-2023.pdf,279367,724f8c98f5ab179a27151dd50f5a10e06fc05e159d671a78b99cc6dadf632282,https://www.scriptslug.com/script/teenage-mutant-ninja-turtles-mutant-mayhem-2023,1ysaF6l051ychO0QqtH_bBrTBv-2gmgsT,1WdwHdC9X-HxWPIJMoEV8jEvPHxBHfHtm,none,reference_only
the-boss-baby-family-business-2021,animation,the-boss-baby-family-business-2021.pdf,413503,c354ee75740483f85cb758ffc04d9a888e42560ad631cba556a9fc2219fb020d,https://www.scriptslug.com/script/the-boss-baby-family-business-2021,1cr6UYl4PWvHCgrTp_lzYHYcb1lu_HJAR,1WdwHdC9X-HxWPIJMoEV8jEvPHxBHfHtm,none,reference_only
the-good-dinosaur-2015,animation,the-good-dinosaur-2015.pdf,124585,506c6dbfc26809190add4c129c19b7f66ffbf1ba8961260e9b71fbcc85cc7dca,https://www.scriptslug.com/script/the-good-dinosaur-2015,1N6Ni-dhtzR0k1zOIaK1dvghFF9NuuDNe,1WdwHdC9X-HxWPIJMoEV8jEvPHxBHfHtm,none,reference_only
the-mitchells-vs-the-machines-2021,animation,the-mitchells-vs-the-machines-2021.pdf,435601,ca66c33ba38622de2cef543dff8c5de7333ab62654301711ca6fcbd31393e3c5,https://www.scriptslug.com/script/the-mitchells-vs-the-machines-2021,1tmuOpmna3vYI_7mfGe9IOh73qRZ41p7H,1WdwHdC9X-HxWPIJMoEV8jEvPHxBHfHtm,none,reference_only
the-red-turtle-2016,animation,the-red-turtle-2016.pdf,291542,b01a4dd4ec9c1da2987316ce529fb550056f55dd6f053cc4dc593ae1a8e495e8,https://www.scriptslug.com/script/the-red-turtle-2016,1vd4vDqL4TLnmxK0D5p-Mdtg63LkpuH9L,1WdwHdC9X-HxWPIJMoEV8jEvPHxBHfHtm,none,reference_only
the-secret-life-of-pets-2016,animation,the-secret-life-of-pets-2016.pdf,176851,707dae33b2dc5eb45257654515a7851a70bd15bbe0fc6e48a650dd1adde37c5d,https://www.scriptslug.com/script/the-secret-life-of-pets-2016,1WFW6xmBnZUYEdWMg1DQHxKHvJzrtOsma,1WdwHdC9X-HxWPIJMoEV8jEvPHxBHfHtm,none,reference_only
the-wild-robot-2024,animation,the-wild-robot-2024.pdf,295234,b5cc87a3daaefd6de576e046cd5102442ef8db8004edc6aee0ab360e60713135,https://www.scriptslug.com/script/the-wild-robot-2024,1t01iwh2qmjbo1W4e9WeHUtHTiSJOeAFC,1WdwHdC9X-HxWPIJMoEV8jEvPHxBHfHtm,none,reference_only
toy-story-4-2019,animation,toy-story-4-2019.pdf,262031,421d062d93377cffd94b4e21aaf978f07dc528036f3b951412d4eb7f29c58329,https://www.scriptslug.com/script/toy-story-4-2019,1aIgnuUmKZj-Bm6o8iYjL5sTj0_j9-pdY,1WdwHdC9X-HxWPIJMoEV8jEvPHxBHfHtm,none,reference_only
up-2009,animation,up-2009.pdf,1074569,2d8dc15a7a8db91d642a8de1db0e81b9c83902adc28d147785adde32a7e6f38b,https://www.scriptslug.com/script/up-2009,1c3IF3TwqE4Z39Foh2g8C6FoHRBuwMBm3,1WdwHdC9X-HxWPIJMoEV8jEvPHxBHfHtm,none,reference_only
zootopia-2016,animation,zootopia-2016.pdf,240903,8dc0397adcf432dae8f9cee8bf15aa58c34115edd84376128912e215b408bb78,https://www.scriptslug.com/script/zootopia-2016,1-UoBidUb_7Td0RVdP-C5K3rbyx7_eUBe,1WdwHdC9X-HxWPIJMoEV8jEvPHxBHfHtm,none,reference_only
big-ears,produced_short,big-ears.pdf,160679,27c1c9eac52ccba207593b3a3954d2e4555afe07aa23879189ec1c7130e0eea7,https://www.shorescripts.com/short-screenplay-collection/,1ewBgCBayOFtwf4Oo4TX6cRo1-4_WS2Wr,196I-ZWuwF4X-DE2cl3prXw1S5U9KKTN-,none,reference_only
tall-dark-and-handsome,produced_short,tall-dark-and-handsome.pdf,134147,92a16e4a2e44faf76f1ebb17c20ac0d26b99aad6ac3777a35c056a4c50c0a470,https://www.shorescripts.com/short-screenplay-collection/,1EJhUNeINZvNACw6C9T_8PzafP9_Esiq1,196I-ZWuwF4X-DE2cl3prXw1S5U9KKTN-,none,reference_only
the-event-2022,produced_short,the-event-2022.pdf,76766,6434229c8f4851c7fc9f270c5b0fc1792cd558ffeb8eec526036f2ffa13cb64e,https://www.scriptslug.com/script/the-event-2022,1lCMBJTTQgOm8OLfFtxfe4BVt1eXP9oRt,196I-ZWuwF4X-DE2cl3prXw1S5U9KKTN-,none,reference_only
the-orgy,produced_short,the-orgy.pdf,48789,91f398599be3f7a997568d9622c5324e3eaf66dec0bb0010790aed7acea02099,https://www.shorescripts.com/short-screenplay-collection/,1UmRRZ9D7hsvFAXcxGgcYmuef2hXSYQP5,196I-ZWuwF4X-DE2cl3prXw1S5U9KKTN-,none,reference_only
the-present,produced_short,the-present.pdf,187596,b9941bf278484ed3cbfd49a1416f904c68cfae1bd1a437e191795b06c158e580,https://www.shorescripts.com/short-screenplay-collection/,10sdxvU0xBZZdnOtXgH8u0XNGnJESFoWL,196I-ZWuwF4X-DE2cl3prXw1S5U9KKTN-,none,reference_only
